391	2024-06-20T09:54:11	2024-06-20T09:54:11	mecroland_speisekarte_06-2024	application/pdf	https://mec-roland.ch/wp-content/uploads/2024/06/MecRoland_Speisekarte_06-2024.pdf		
359	2022-02-24T13:29:51	2022-02-24T13:29:51	burgerklassiker	image/png	https://mec-roland.ch/wp-content/uploads/2022/02/burgerklassiker.png		
358	2022-02-24T13:29:49	2022-02-24T13:29:49	fischbaguette	image/png	https://mec-roland.ch/wp-content/uploads/2022/02/fischbaguette.png		
357	2022-02-24T13:29:47	2022-02-24T13:29:47	fitnessteller	image/png	https://mec-roland.ch/wp-content/uploads/2022/02/fitnessteller.png		
355	2022-02-24T13:29:43	2022-02-24T13:29:43	gemischtersalat-2	image/png	https://mec-roland.ch/wp-content/uploads/2022/02/gemischtersalat-1.png		
353	2022-02-24T13:29:40	2022-02-24T13:29:40	hotdog	image/png	https://mec-roland.ch/wp-content/uploads/2022/02/hotdog.png		
352	2022-02-24T13:29:38	2022-02-24T13:29:38	salatmaison	image/png	https://mec-roland.ch/wp-content/uploads/2022/02/salatmaison.png		
351	2022-02-24T13:29:35	2022-02-24T13:29:35	schnipo	image/png	https://mec-roland.ch/wp-content/uploads/2022/02/schnipo.png		
350	2022-02-24T13:29:25	2022-02-24T13:29:25	spiesslibaguette	image/png	https://mec-roland.ch/wp-content/uploads/2022/02/spiesslibaguette.png		
349	2022-02-24T13:27:29	2022-02-24T13:28:05	vegiburger	image/png	https://mec-roland.ch/wp-content/uploads/2022/02/vegiburger.png		
335	2022-01-17T12:17:07	2022-01-17T12:17:07	9113535_mecroland_speisekarte	application/pdf	https://mec-roland.ch/wp-content/uploads/2022/01/9113535_MecRoland_Speisekarte.pdf		
330	2021-11-17T12:09:59	2021-11-17T12:09:59	9914011_mecroland_speisekarte_lowres	application/pdf	https://mec-roland.ch/wp-content/uploads/2021/11/9914011_MecRoland_Speisekarte_LowRes.pdf		
282	2020-11-06T17:57:18	2020-11-06T17:57:18	weihnachten-2020	image/jpeg	https://mec-roland.ch/wp-content/uploads/2020/11/weihnachten-2020.jpg		
281	2020-11-06T17:55:17	2020-11-06T17:55:17	weihnachten	image/jpeg	https://mec-roland.ch/wp-content/uploads/2020/11/weihnachten.jpg		
254	2020-07-03T11:59:20	2020-07-03T11:59:20	9914011_mecroland_speisekarte_a4	application/pdf	https://mec-roland.ch/wp-content/uploads/2020/07/9914011_MecRoland_Speisekarte_A4.pdf		
244	2020-04-21T14:27:35	2020-04-21T14:27:35	mec-roland-team-2	image/jpeg	https://mec-roland.ch/wp-content/uploads/2020/04/mec-roland-team-.jpg		
208	2020-01-06T09:03:48	2020-01-06T09:03:48	mecroland_roland	image/jpeg	https://mec-roland.ch/wp-content/uploads/2020/01/MecRoland_Roland.jpg		
207	2020-01-06T09:03:46	2020-01-06T09:03:46	mecroland_essen-09	image/jpeg	https://mec-roland.ch/wp-content/uploads/2020/01/MecRoland_Essen-09.jpg		
206	2020-01-06T09:03:45	2020-01-06T09:03:45	mecroland_essen-08	image/jpeg	https://mec-roland.ch/wp-content/uploads/2020/01/MecRoland_Essen-08.jpg		
205	2020-01-06T09:03:43	2020-01-06T09:03:43	mecroland_essen-07	image/jpeg	https://mec-roland.ch/wp-content/uploads/2020/01/MecRoland_Essen-07.jpg		
204	2020-01-06T09:03:41	2020-01-06T09:03:41	mecroland_essen-06	image/jpeg	https://mec-roland.ch/wp-content/uploads/2020/01/MecRoland_Essen-06.jpg		
203	2020-01-06T09:03:39	2020-01-06T09:03:39	mecroland_essen-05	image/jpeg	https://mec-roland.ch/wp-content/uploads/2020/01/MecRoland_Essen-05.jpg		
202	2020-01-06T09:03:38	2020-01-06T09:03:38	mecroland_essen-04	image/jpeg	https://mec-roland.ch/wp-content/uploads/2020/01/MecRoland_Essen-04.jpg		
201	2020-01-06T09:03:36	2020-01-06T09:03:36	mecroland_essen-03	image/jpeg	https://mec-roland.ch/wp-content/uploads/2020/01/MecRoland_Essen-03.jpg		
200	2020-01-06T09:03:34	2020-01-06T09:03:34	mecroland_essen-02	image/jpeg	https://mec-roland.ch/wp-content/uploads/2020/01/MecRoland_Essen-02.jpg		
199	2020-01-06T09:03:32	2020-01-06T09:03:32	mecroland_essen-01	image/jpeg	https://mec-roland.ch/wp-content/uploads/2020/01/MecRoland_Essen-01.jpg		
194	2020-01-03T14:08:14	2020-01-03T14:08:14	speisekarte_mecroland	application/pdf	https://mec-roland.ch/wp-content/uploads/2020/01/Speisekarte_MecRoland.pdf		
171	2019-11-29T12:55:59	2019-11-29T12:55:59	mec-roland_lucie-suelova1	image/jpeg	https://mec-roland.ch/wp-content/uploads/2019/11/Mec-Roland_Lucie-Suelova1.jpg		
170	2019-11-29T12:55:58	2019-11-29T12:55:58	mec-roland_dile-gjetay1	image/jpeg	https://mec-roland.ch/wp-content/uploads/2019/11/Mec-Roland_Dile-Gjetay1.jpg		
163	2019-11-07T16:53:58	2019-11-07T16:53:58	mec-roland_rosa-de-pinto	image/jpeg	https://mec-roland.ch/wp-content/uploads/2019/11/Mec-Roland_Rosa-de-Pinto.jpg		
162	2019-11-07T16:53:57	2019-11-07T16:53:57	mec-roland_roland-lekeu	image/jpeg	https://mec-roland.ch/wp-content/uploads/2019/11/Mec-Roland_Roland-Lekeu.jpg		
160	2019-11-07T16:53:55	2019-11-07T16:53:55	mec-roland_jamshid-amiri	image/jpeg	https://mec-roland.ch/wp-content/uploads/2019/11/Mec-Roland_Jamshid-Amiri.jpg		
158	2019-11-07T16:53:54	2019-11-07T16:53:54	mec-roland_claudia-konrad	image/jpeg	https://mec-roland.ch/wp-content/uploads/2019/11/Mec-Roland_Claudia-Konrad.jpg		
157	2019-11-07T16:40:01	2019-11-07T16:40:01	mec-roland-team	image/jpeg	https://mec-roland.ch/wp-content/uploads/2019/11/mec-roland-team.jpg		
153	2019-11-07T16:31:51	2019-11-07T16:31:51	mec-roland_speisekarte	application/pdf	https://mec-roland.ch/wp-content/uploads/2019/11/Mec-Roland_Speisekarte.pdf		
124	2019-11-07T16:08:09	2019-11-07T16:08:09	karte-mec-roland	image/jpeg	https://mec-roland.ch/wp-content/uploads/2019/11/Karte-Mec-Roland.jpg		
99	2019-11-07T13:54:13	2019-11-07T13:54:13	mec-roland-weiss-breit	image/png	https://mec-roland.ch/wp-content/uploads/2019/11/Mec-Roland-Weiss-breit.png		
79	2019-10-04T11:47:14	2019-10-04T11:47:14	burger-breit1	image/jpeg	https://mec-roland.ch/wp-content/uploads/2019/10/burger-breit1.jpg		
78	2019-10-04T11:46:02	2019-10-04T11:46:02	burger-breiter1	image/jpeg	https://mec-roland.ch/wp-content/uploads/2019/10/burger-breiter1.jpg		
77	2019-10-04T11:44:51	2019-10-04T11:44:51	burger-breit_breiter	image/jpeg	https://mec-roland.ch/wp-content/uploads/2019/10/burger-breit_breiter.jpg		
76	2019-10-04T11:42:45	2019-10-04T11:42:45	burger-breit	image/jpeg	https://mec-roland.ch/wp-content/uploads/2019/10/burger-breit.jpg		
34	2018-10-16T16:54:16	2018-10-16T16:54:16	bild-3_1_orig	image/jpeg	https://mec-roland.ch/wp-content/uploads/2018/10/bild-3_1_orig.jpg		
10	2018-10-16T16:39:20	2018-10-16T16:39:20	mec-roland-weiss	image/png	https://mec-roland.ch/wp-content/uploads/2018/10/Mec-Roland-Weiss.png		
